product_name,category,applications,problems_solved,key_params,short_desc,url,doc_url
Endüstriyel Su Hazırlama Sistemleri,Bimaks,,,,HAKKIMIZDAARGESERTİFİKALARIMIZİNSAN KAYNAKLARIGİZLİLİK POLİTİKASI,https://www.bimakskimya.com.tr/cozumler-urunler/endustriyel-su-hazirlama-sistemleri/elektrodiyaliz-sistemleri/,
Endüstriyel Su Hazırlama Sistemleri,Bimaks,,,,HAKKIMIZDAARGESERTİFİKALARIMIZİNSAN KAYNAKLARIGİZLİLİK POLİTİKASI,https://www.bimakskimya.com.tr/cozumler-urunler/endustriyel-su-hazirlama-sistemleri/filtrasyon/,
Endüstriyel Su Hazırlama Sistemleri,Bimaks,,,,HAKKIMIZDAARGESERTİFİKALARIMIZİNSAN KAYNAKLARIGİZLİLİK POLİTİKASI,https://www.bimakskimya.com.tr/cozumler-urunler/endustriyel-su-hazirlama-sistemleri/su-yumusatma/,
Endüstriyel Su Hazırlama Sistemleri,Bimaks,,,,HAKKIMIZDAARGESERTİFİKALARIMIZİNSAN KAYNAKLARIGİZLİLİK POLİTİKASI,https://www.bimakskimya.com.tr/cozumler-urunler/endustriyel-su-hazirlama-sistemleri/ters-ozmos/,
Endüstriyel Su Hazırlama Sistemleri,Bimaks,,,,HAKKIMIZDAARGESERTİFİKALARIMIZİNSAN KAYNAKLARIGİZLİLİK POLİTİKASI,https://www.bimakskimya.com.tr/cozumler-urunler/endustriyel-su-hazirlama-sistemleri/ultrafiltrasyon/,
Hammaddeler ve Katkılar,Bimaks,,,,HAKKIMIZDAARGESERTİFİKALARIMIZİNSAN KAYNAKLARIGİZLİLİK POLİTİKASI,https://www.bimakskimya.com.tr/cozumler-urunler/hammaddeler/maks-10117-hedp-na4/,
Hammaddeler ve Katkılar,Bimaks,,,,HAKKIMIZDAARGESERTİFİKALARIMIZİNSAN KAYNAKLARIGİZLİLİK POLİTİKASI,https://www.bimakskimya.com.tr/cozumler-urunler/hammaddeler/maks-11063-sodyum-bromur/,
Hammaddeler ve Katkılar,Bimaks,,,,HAKKIMIZDAARGESERTİFİKALARIMIZİNSAN KAYNAKLARIGİZLİLİK POLİTİKASI,https://www.bimakskimya.com.tr/cozumler-urunler/hammaddeler/maks-11073-pbtca-50/,
Hammaddeler ve Katkılar,Bimaks,,,,HAKKIMIZDAARGESERTİFİKALARIMIZİNSAN KAYNAKLARIGİZLİLİK POLİTİKASI,https://www.bimakskimya.com.tr/cozumler-urunler/hammaddeler/maks-11081-karbohidrazit/,
Hammaddeler ve Katkılar,Bimaks,,,,HAKKIMIZDAARGESERTİFİKALARIMIZİNSAN KAYNAKLARIGİZLİLİK POLİTİKASI,https://www.bimakskimya.com.tr/cozumler-urunler/hammaddeler/maks-11202-dbnpa-%99/,
Hammaddeler ve Katkılar,Bimaks,,,,HAKKIMIZDAARGESERTİFİKALARIMIZİNSAN KAYNAKLARIGİZLİLİK POLİTİKASI,https://www.bimakskimya.com.tr/cozumler-urunler/hammaddeler/maks-112291-flourescein/,
Hammaddeler ve Katkılar,Bimaks,,,,HAKKIMIZDAARGESERTİFİKALARIMIZİNSAN KAYNAKLARIGİZLİLİK POLİTİKASI,https://www.bimakskimya.com.tr/cozumler-urunler/hammaddeler/maks-11292-sebasik-asit/,
Hammaddeler ve Katkılar,Bimaks,,,,HAKKIMIZDAARGESERTİFİKALARIMIZİNSAN KAYNAKLARIGİZLİLİK POLİTİKASI,https://www.bimakskimya.com.tr/cozumler-urunler/hammaddeler/maks-11293-glutaraldehit/,
Laboratuvar Ürün ve Hizmetlerimiz,Bimaks,,,,HAKKIMIZDAARGESERTİFİKALARIMIZİNSAN KAYNAKLARIGİZLİLİK POLİTİKASI,https://www.bimakskimya.com.tr/cozumler-urunler/laboratuvar-urun-ve-hizmetlerimiz/gozlem-ve-inspection-hizmetlerimiz/,
Laboratuvar Ürün ve Hizmetlerimiz,Bimaks,,,,HAKKIMIZDAARGESERTİFİKALARIMIZİNSAN KAYNAKLARIGİZLİLİK POLİTİKASI,https://www.bimakskimya.com.tr/cozumler-urunler/laboratuvar-urun-ve-hizmetlerimiz/olcum-ve-test-ekipmanlari/,
Laboratuvar Ürün ve Hizmetlerimiz,Bimaks,,,,HAKKIMIZDAARGESERTİFİKALARIMIZİNSAN KAYNAKLARIGİZLİLİK POLİTİKASI,https://www.bimakskimya.com.tr/cozumler-urunler/laboratuvar-urun-ve-hizmetlerimiz/xrf-analiz-hizmeti/,
Spesifik Endüstri Ekipmanları,Bimaks,,,,HAKKIMIZDAARGESERTİFİKALARIMIZİNSAN KAYNAKLARIGİZLİLİK POLİTİKASI,https://www.bimakskimya.com.tr/cozumler-urunler/spesifik-endustri-ekipmanlari/diger-endustriyel-ekipman-cozumleri/,
Spesifik Endüstri Ekipmanları,Bimaks,,,,HAKKIMIZDAARGESERTİFİKALARIMIZİNSAN KAYNAKLARIGİZLİLİK POLİTİKASI,https://www.bimakskimya.com.tr/cozumler-urunler/spesifik-endustri-ekipmanlari/iyon-degistirici-recineler/,
Su ve Proses Kimyasalları,Bimaks,,,,HAKKIMIZDAARGESERTİFİKALARIMIZİNSAN KAYNAKLARIGİZLİLİK POLİTİKASI,https://www.bimakskimya.com.tr/cozumler-urunler/su-ve-proses-kimyasallari/atik-su-aritma/,
Atık Su Arıtma Kimyasalları,Bimaks,,,,HAKKIMIZDAARGESERTİFİKALARIMIZİNSAN KAYNAKLARIGİZLİLİK POLİTİKASI,https://www.bimakskimya.com.tr/cozumler-urunler/su-ve-proses-kimyasallari/atik-su-aritma/maks-6110-anyonik-polielektrolit/,
Atık Su Arıtma Kimyasalları,Bimaks,,,,HAKKIMIZDAARGESERTİFİKALARIMIZİNSAN KAYNAKLARIGİZLİLİK POLİTİKASI,https://www.bimakskimya.com.tr/cozumler-urunler/su-ve-proses-kimyasallari/atik-su-aritma/maks-6130-katyonik-toz-polimer/,
Atık Su Arıtma Kimyasalları,Bimaks,,,,HAKKIMIZDAARGESERTİFİKALARIMIZİNSAN KAYNAKLARIGİZLİLİK POLİTİKASI,https://www.bimakskimya.com.tr/cozumler-urunler/su-ve-proses-kimyasallari/atik-su-aritma/maks-6160-koagulant/,
Atık Su Arıtma Kimyasalları,Bimaks,,,,HAKKIMIZDAARGESERTİFİKALARIMIZİNSAN KAYNAKLARIGİZLİLİK POLİTİKASI,https://www.bimakskimya.com.tr/cozumler-urunler/su-ve-proses-kimyasallari/atik-su-aritma/maks-6220-koagulant/,
Atık Su Arıtma Kimyasalları,Bimaks,,,,HAKKIMIZDAARGESERTİFİKALARIMIZİNSAN KAYNAKLARIGİZLİLİK POLİTİKASI,https://www.bimakskimya.com.tr/cozumler-urunler/su-ve-proses-kimyasallari/atik-su-aritma/maks-6440-katyonik-polielektrolit/,
Atık Su Arıtma Kimyasalları,Bimaks,,,,HAKKIMIZDAARGESERTİFİKALARIMIZİNSAN KAYNAKLARIGİZLİLİK POLİTİKASI,https://www.bimakskimya.com.tr/cozumler-urunler/su-ve-proses-kimyasallari/atik-su-aritma/maks-6450-koagulant/,
Atık Su Arıtma Kimyasalları,Bimaks,,,,HAKKIMIZDAARGESERTİFİKALARIMIZİNSAN KAYNAKLARIGİZLİLİK POLİTİKASI,https://www.bimakskimya.com.tr/cozumler-urunler/su-ve-proses-kimyasallari/atik-su-aritma/maks-6540-flokulant/,
Su ve Proses Kimyasalları,Bimaks,,,,HAKKIMIZDAARGESERTİFİKALARIMIZİNSAN KAYNAKLARIGİZLİLİK POLİTİKASI,https://www.bimakskimya.com.tr/cozumler-urunler/su-ve-proses-kimyasallari/celik-endustrisi-uygulamalari/,
Çelik Endüstrisi Uygulamaları,Bimaks,,,,HAKKIMIZDAARGESERTİFİKALARIMIZİNSAN KAYNAKLARIGİZLİLİK POLİTİKASI,https://www.bimakskimya.com.tr/cozumler-urunler/su-ve-proses-kimyasallari/celik-endustrisi-uygulamalari/maks-2206-sogutma-suyu-sartlandirma/,
Çelik Endüstrisi Uygulamaları,Bimaks,,,,HAKKIMIZDAARGESERTİFİKALARIMIZİNSAN KAYNAKLARIGİZLİLİK POLİTİKASI,https://www.bimakskimya.com.tr/cozumler-urunler/su-ve-proses-kimyasallari/celik-endustrisi-uygulamalari/maks-2210-sogutma-suyu-sartlandirma/,
Çelik Endüstrisi Uygulamaları,Bimaks,,,,HAKKIMIZDAARGESERTİFİKALARIMIZİNSAN KAYNAKLARIGİZLİLİK POLİTİKASI,https://www.bimakskimya.com.tr/cozumler-urunler/su-ve-proses-kimyasallari/celik-endustrisi-uygulamalari/maks-4146-yag-gres-silt-dispersani/,
Çelik Endüstrisi Uygulamaları,Bimaks,,,,HAKKIMIZDAARGESERTİFİKALARIMIZİNSAN KAYNAKLARIGİZLİLİK POLİTİKASI,https://www.bimakskimya.com.tr/cozumler-urunler/su-ve-proses-kimyasallari/celik-endustrisi-uygulamalari/maks-6532-tufal-cokturme/,
Su ve Proses Kimyasalları,Bimaks,,,,HAKKIMIZDAARGESERTİFİKALARIMIZİNSAN KAYNAKLARIGİZLİLİK POLİTİKASI,https://www.bimakskimya.com.tr/cozumler-urunler/su-ve-proses-kimyasallari/diger-endustriyel-su-sartlandirma-uygulamalari/,
Su ve Proses Kimyasalları,Bimaks,,,,HAKKIMIZDAARGESERTİFİKALARIMIZİNSAN KAYNAKLARIGİZLİLİK POLİTİKASI,https://www.bimakskimya.com.tr/cozumler-urunler/su-ve-proses-kimyasallari/gida-prosesi-uygulamalari/,
Gıda Prosesi Uygulamaları,Bimaks,,,,HAKKIMIZDAARGESERTİFİKALARIMIZİNSAN KAYNAKLARIGİZLİLİK POLİTİKASI,https://www.bimakskimya.com.tr/cozumler-urunler/su-ve-proses-kimyasallari/gida-prosesi-uygulamalari/maks-1311-m3-kazan-suyu-sartlandirma/,
Gıda Prosesi Uygulamaları,Bimaks,,,,HAKKIMIZDAARGESERTİFİKALARIMIZİNSAN KAYNAKLARIGİZLİLİK POLİTİKASI,https://www.bimakskimya.com.tr/cozumler-urunler/su-ve-proses-kimyasallari/gida-prosesi-uygulamalari/maks-1425-p-kazan-suyu-sartlandirma/,
Su ve Proses Kimyasalları,Bimaks,,,,HAKKIMIZDAARGESERTİFİKALARIMIZİNSAN KAYNAKLARIGİZLİLİK POLİTİKASI,https://www.bimakskimya.com.tr/cozumler-urunler/su-ve-proses-kimyasallari/kagit-prosesi-uygulamalari/,
Kağıt Prosesi Uygulamaları,Bimaks,,,,HAKKIMIZDAARGESERTİFİKALARIMIZİNSAN KAYNAKLARIGİZLİLİK POLİTİKASI,https://www.bimakskimya.com.tr/cozumler-urunler/su-ve-proses-kimyasallari/kagit-prosesi-uygulamalari/maks-2117-a-birikinti-onleyici-black-liquor/,
Kağıt Prosesi Uygulamaları,Bimaks,,,,HAKKIMIZDAARGESERTİFİKALARIMIZİNSAN KAYNAKLARIGİZLİLİK POLİTİKASI,https://www.bimakskimya.com.tr/cozumler-urunler/su-ve-proses-kimyasallari/kagit-prosesi-uygulamalari/maks-9510-alkali-temizlik-urunu/,
Kağıt Prosesi Uygulamaları,Bimaks,,,,HAKKIMIZDAARGESERTİFİKALARIMIZİNSAN KAYNAKLARIGİZLİLİK POLİTİKASI,https://www.bimakskimya.com.tr/cozumler-urunler/su-ve-proses-kimyasallari/kagit-prosesi-uygulamalari/maks-9512-yag-temizlik-kimyasali/,
Su ve Proses Kimyasalları,Bimaks,,,,HAKKIMIZDAARGESERTİFİKALARIMIZİNSAN KAYNAKLARIGİZLİLİK POLİTİKASI,https://www.bimakskimya.com.tr/cozumler-urunler/su-ve-proses-kimyasallari/kazan-su-islahi/,
Kazan Su Islahı,Bimaks,,,,HAKKIMIZDAARGESERTİFİKALARIMIZİNSAN KAYNAKLARIGİZLİLİK POLİTİKASI,https://www.bimakskimya.com.tr/cozumler-urunler/su-ve-proses-kimyasallari/kazan-su-islahi/maks-1100-oksijen-alici/,
Kazan Su Islahı,Bimaks,,,,HAKKIMIZDAARGESERTİFİKALARIMIZİNSAN KAYNAKLARIGİZLİLİK POLİTİKASI,https://www.bimakskimya.com.tr/cozumler-urunler/su-ve-proses-kimyasallari/kazan-su-islahi/maks-1102-oksijen-alici/,
Kazan Su Islahı,Bimaks,,,,HAKKIMIZDAARGESERTİFİKALARIMIZİNSAN KAYNAKLARIGİZLİLİK POLİTİKASI,https://www.bimakskimya.com.tr/cozumler-urunler/su-ve-proses-kimyasallari/kazan-su-islahi/maks-1110-oksijen-alici/,
Kazan Su Islahı,Bimaks,,,,HAKKIMIZDAARGESERTİFİKALARIMIZİNSAN KAYNAKLARIGİZLİLİK POLİTİKASI,https://www.bimakskimya.com.tr/cozumler-urunler/su-ve-proses-kimyasallari/kazan-su-islahi/maks-1121-oksijen-alici/,
Kazan Su Islahı,Bimaks,,,,HAKKIMIZDAARGESERTİFİKALARIMIZİNSAN KAYNAKLARIGİZLİLİK POLİTİKASI,https://www.bimakskimya.com.tr/cozumler-urunler/su-ve-proses-kimyasallari/kazan-su-islahi/maks-1122-oksijen-alici/,
Kazan Su Islahı,Bimaks,,,,HAKKIMIZDAARGESERTİFİKALARIMIZİNSAN KAYNAKLARIGİZLİLİK POLİTİKASI,https://www.bimakskimya.com.tr/cozumler-urunler/su-ve-proses-kimyasallari/kazan-su-islahi/maks-1123-oksijen-alici/,
Kazan Su Islahı,Bimaks,,,,HAKKIMIZDAARGESERTİFİKALARIMIZİNSAN KAYNAKLARIGİZLİLİK POLİTİKASI,https://www.bimakskimya.com.tr/cozumler-urunler/su-ve-proses-kimyasallari/kazan-su-islahi/maks-1200u-birikinti-onleyici/,
Kazan Su Islahı,Bimaks,,,,HAKKIMIZDAARGESERTİFİKALARIMIZİNSAN KAYNAKLARIGİZLİLİK POLİTİKASI,https://www.bimakskimya.com.tr/cozumler-urunler/su-ve-proses-kimyasallari/kazan-su-islahi/maks-1220-birikinti-ve-korozyon-onleyici/,
Kazan Su Islahı,Bimaks,,,,HAKKIMIZDAARGESERTİFİKALARIMIZİNSAN KAYNAKLARIGİZLİLİK POLİTİKASI,https://www.bimakskimya.com.tr/cozumler-urunler/su-ve-proses-kimyasallari/kazan-su-islahi/maks-1232-birikinti-onleyici/,
Kazan Su Islahı,Bimaks,,,,HAKKIMIZDAARGESERTİFİKALARIMIZİNSAN KAYNAKLARIGİZLİLİK POLİTİKASI,https://www.bimakskimya.com.tr/cozumler-urunler/su-ve-proses-kimyasallari/kazan-su-islahi/maks-1241-birikinti-onleyici/,
Kazan Su Islahı,Bimaks,,,,HAKKIMIZDAARGESERTİFİKALARIMIZİNSAN KAYNAKLARIGİZLİLİK POLİTİKASI,https://www.bimakskimya.com.tr/cozumler-urunler/su-ve-proses-kimyasallari/kazan-su-islahi/maks-1244-birikinti-onleyici/,
Kazan Su Islahı,Bimaks,,,,HAKKIMIZDAARGESERTİFİKALARIMIZİNSAN KAYNAKLARIGİZLİLİK POLİTİKASI,https://www.bimakskimya.com.tr/cozumler-urunler/su-ve-proses-kimyasallari/kazan-su-islahi/maks-1300-kondens-sartlandirma/,
Kazan Su Islahı,Bimaks,,,,HAKKIMIZDAARGESERTİFİKALARIMIZİNSAN KAYNAKLARIGİZLİLİK POLİTİKASI,https://www.bimakskimya.com.tr/cozumler-urunler/su-ve-proses-kimyasallari/kazan-su-islahi/maks-1320-kondens-sartlandirma/,
Kazan Su Islahı,Bimaks,,,,HAKKIMIZDAARGESERTİFİKALARIMIZİNSAN KAYNAKLARIGİZLİLİK POLİTİKASI,https://www.bimakskimya.com.tr/cozumler-urunler/su-ve-proses-kimyasallari/kazan-su-islahi/maks-1341-kondens-sartlandirma/,
Kazan Su Islahı,Bimaks,,,,HAKKIMIZDAARGESERTİFİKALARIMIZİNSAN KAYNAKLARIGİZLİLİK POLİTİKASI,https://www.bimakskimya.com.tr/cozumler-urunler/su-ve-proses-kimyasallari/kazan-su-islahi/maks-1343-kondens-sartlandirma/,
Kazan Su Islahı,Bimaks,,,,HAKKIMIZDAARGESERTİFİKALARIMIZİNSAN KAYNAKLARIGİZLİLİK POLİTİKASI,https://www.bimakskimya.com.tr/cozumler-urunler/su-ve-proses-kimyasallari/kazan-su-islahi/maks-1420-kazan-sartlandirma/,
Kazan Su Islahı,Bimaks,,,,HAKKIMIZDAARGESERTİFİKALARIMIZİNSAN KAYNAKLARIGİZLİLİK POLİTİKASI,https://www.bimakskimya.com.tr/cozumler-urunler/su-ve-proses-kimyasallari/kazan-su-islahi/maks-1440-kazan-sartlandirma/,
Kazan Su Islahı,Bimaks,,,,HAKKIMIZDAARGESERTİFİKALARIMIZİNSAN KAYNAKLARIGİZLİLİK POLİTİKASI,https://www.bimakskimya.com.tr/cozumler-urunler/su-ve-proses-kimyasallari/kazan-su-islahi/maks-1550f-kazan-sartlandirma/,
Kazan Su Islahı,Bimaks,,,,HAKKIMIZDAARGESERTİFİKALARIMIZİNSAN KAYNAKLARIGİZLİLİK POLİTİKASI,https://www.bimakskimya.com.tr/cozumler-urunler/su-ve-proses-kimyasallari/kazan-su-islahi/maks-1560f-kazan-sartlandirma/,
Kazan Su Islahı,Bimaks,,,,HAKKIMIZDAARGESERTİFİKALARIMIZİNSAN KAYNAKLARIGİZLİLİK POLİTİKASI,https://www.bimakskimya.com.tr/cozumler-urunler/su-ve-proses-kimyasallari/kazan-su-islahi/maks-1570-cok-fonksiyonlu-kazan-sartlandirma/,
Kazan Su Islahı,Bimaks,,,,HAKKIMIZDAARGESERTİFİKALARIMIZİNSAN KAYNAKLARIGİZLİLİK POLİTİKASI,https://www.bimakskimya.com.tr/cozumler-urunler/su-ve-proses-kimyasallari/kazan-su-islahi/maks-1574-cok-fonksiyonlu-kazan-sartlandirma/,
Kazan Su Islahı,Bimaks,,,,HAKKIMIZDAARGESERTİFİKALARIMIZİNSAN KAYNAKLARIGİZLİLİK POLİTİKASI,https://www.bimakskimya.com.tr/cozumler-urunler/su-ve-proses-kimyasallari/kazan-su-islahi/maks-1610-organik-kopuk-kesici/,
Kazan Su Islahı,Bimaks,,,,HAKKIMIZDAARGESERTİFİKALARIMIZİNSAN KAYNAKLARIGİZLİLİK POLİTİKASI,https://www.bimakskimya.com.tr/cozumler-urunler/su-ve-proses-kimyasallari/kazan-su-islahi/maks-1670-kazan-kaynatma-urunu/,
Kazan Su Islahı,Bimaks,,,,HAKKIMIZDAARGESERTİFİKALARIMIZİNSAN KAYNAKLARIGİZLİLİK POLİTİKASI,https://www.bimakskimya.com.tr/cozumler-urunler/su-ve-proses-kimyasallari/kazan-su-islahi/maks-1680-birikinti-ve-korozyon-onleyici/,
Su ve Proses Kimyasalları,Bimaks,,,,HAKKIMIZDAARGESERTİFİKALARIMIZİNSAN KAYNAKLARIGİZLİLİK POLİTİKASI,https://www.bimakskimya.com.tr/cozumler-urunler/su-ve-proses-kimyasallari/kurumsal-urunler/,
Otel & İş Merkezi,Bimaks,,,,HAKKIMIZDAARGESERTİFİKALARIMIZİNSAN KAYNAKLARIGİZLİLİK POLİTİKASI,https://www.bimakskimya.com.tr/cozumler-urunler/su-ve-proses-kimyasallari/kurumsal-urunler/maks-5031-birikinti-ve-korozyon-onleyici/,
Su ve Proses Kimyasalları,Bimaks,,,,HAKKIMIZDAARGESERTİFİKALARIMIZİNSAN KAYNAKLARIGİZLİLİK POLİTİKASI,https://www.bimakskimya.com.tr/cozumler-urunler/su-ve-proses-kimyasallari/maden-sahasi-uygulamalari/,
Maden Sahası Uygulamaları,Bimaks,,,,HAKKIMIZDAARGESERTİFİKALARIMIZİNSAN KAYNAKLARIGİZLİLİK POLİTİKASI,https://www.bimakskimya.com.tr/cozumler-urunler/su-ve-proses-kimyasallari/maden-sahasi-uygulamalari/maks-400a-birikinti-onleyici/,
Maden Sahası Uygulamaları,Bimaks,,,,HAKKIMIZDAARGESERTİFİKALARIMIZİNSAN KAYNAKLARIGİZLİLİK POLİTİKASI,https://www.bimakskimya.com.tr/cozumler-urunler/su-ve-proses-kimyasallari/maden-sahasi-uygulamalari/maks-8070-birikinti-onleyici/,
Maden Sahası Uygulamaları,Bimaks,,,,HAKKIMIZDAARGESERTİFİKALARIMIZİNSAN KAYNAKLARIGİZLİLİK POLİTİKASI,https://www.bimakskimya.com.tr/cozumler-urunler/su-ve-proses-kimyasallari/maden-sahasi-uygulamalari/maks-8076-birikinti-onleyici/,
Maden Sahası Uygulamaları,Bimaks,,,,HAKKIMIZDAARGESERTİFİKALARIMIZİNSAN KAYNAKLARIGİZLİLİK POLİTİKASI,https://www.bimakskimya.com.tr/cozumler-urunler/su-ve-proses-kimyasallari/maden-sahasi-uygulamalari/maks-8120-birikinti-onleyici/,
Su ve Proses Kimyasalları,Bimaks,,,,HAKKIMIZDAARGESERTİFİKALARIMIZİNSAN KAYNAKLARIGİZLİLİK POLİTİKASI,https://www.bimakskimya.com.tr/cozumler-urunler/su-ve-proses-kimyasallari/petrokimya-urunleri/,
Petrokimya Ürünleri,Bimaks,,,,HAKKIMIZDAARGESERTİFİKALARIMIZİNSAN KAYNAKLARIGİZLİLİK POLİTİKASI,https://www.bimakskimya.com.tr/cozumler-urunler/su-ve-proses-kimyasallari/petrokimya-urunleri/maks-9101-korozyon-onleyici/,
Petrokimya Ürünleri,Bimaks,,,,HAKKIMIZDAARGESERTİFİKALARIMIZİNSAN KAYNAKLARIGİZLİLİK POLİTİKASI,https://www.bimakskimya.com.tr/cozumler-urunler/su-ve-proses-kimyasallari/petrokimya-urunleri/maks-9106-yagda-cozunebilen-korozyon-onleyici/,
Petrokimya Ürünleri,Bimaks,,,,HAKKIMIZDAARGESERTİFİKALARIMIZİNSAN KAYNAKLARIGİZLİLİK POLİTİKASI,https://www.bimakskimya.com.tr/cozumler-urunler/su-ve-proses-kimyasallari/petrokimya-urunleri/maks-9111-korozyon-onleyici-ham-petrol-distilasyon-unitesi/,
Petrokimya Ürünleri,Bimaks,,,,HAKKIMIZDAARGESERTİFİKALARIMIZİNSAN KAYNAKLARIGİZLİLİK POLİTİKASI,https://www.bimakskimya.com.tr/cozumler-urunler/su-ve-proses-kimyasallari/petrokimya-urunleri/maks-9113m-birikinti-onleyici/,
Petrokimya Ürünleri,Bimaks,,,,HAKKIMIZDAARGESERTİFİKALARIMIZİNSAN KAYNAKLARIGİZLİLİK POLİTİKASI,https://www.bimakskimya.com.tr/cozumler-urunler/su-ve-proses-kimyasallari/petrokimya-urunleri/maks-9117-korozyon-onleyici/,
Petrokimya Ürünleri,Bimaks,,,,HAKKIMIZDAARGESERTİFİKALARIMIZİNSAN KAYNAKLARIGİZLİLİK POLİTİKASI,https://www.bimakskimya.com.tr/cozumler-urunler/su-ve-proses-kimyasallari/petrokimya-urunleri/maks-9120-silikon-kopuk-kesici-emulsiyon/,
Petrokimya Ürünleri,Bimaks,,,,HAKKIMIZDAARGESERTİFİKALARIMIZİNSAN KAYNAKLARIGİZLİLİK POLİTİKASI,https://www.bimakskimya.com.tr/cozumler-urunler/su-ve-proses-kimyasallari/petrokimya-urunleri/maks-9136-konsantre-korozyon-onleyici/,
Petrokimya Ürünleri,Bimaks,,,,HAKKIMIZDAARGESERTİFİKALARIMIZİNSAN KAYNAKLARIGİZLİLİK POLİTİKASI,https://www.bimakskimya.com.tr/cozumler-urunler/su-ve-proses-kimyasallari/petrokimya-urunleri/maks-9143-h2s-tutucu/,
Petrokimya Ürünleri,Bimaks,,,,HAKKIMIZDAARGESERTİFİKALARIMIZİNSAN KAYNAKLARIGİZLİLİK POLİTİKASI,https://www.bimakskimya.com.tr/cozumler-urunler/su-ve-proses-kimyasallari/petrokimya-urunleri/maks-9144-mikroorganizma-kontrol/,
Petrokimya Ürünleri,Bimaks,,,,HAKKIMIZDAARGESERTİFİKALARIMIZİNSAN KAYNAKLARIGİZLİLİK POLİTİKASI,https://www.bimakskimya.com.tr/cozumler-urunler/su-ve-proses-kimyasallari/petrokimya-urunleri/maks-9146-ters-emulsiyon-kirici/,
Petrokimya Ürünleri,Bimaks,,,,HAKKIMIZDAARGESERTİFİKALARIMIZİNSAN KAYNAKLARIGİZLİLİK POLİTİKASI,https://www.bimakskimya.com.tr/cozumler-urunler/su-ve-proses-kimyasallari/petrokimya-urunleri/maks-9185-konsantre-korozyon-onleyici/,
Petrokimya Ürünleri,Bimaks,,,,HAKKIMIZDAARGESERTİFİKALARIMIZİNSAN KAYNAKLARIGİZLİLİK POLİTİKASI,https://www.bimakskimya.com.tr/cozumler-urunler/su-ve-proses-kimyasallari/petrokimya-urunleri/maks-9191-emulsiyon-kirici/,
Su ve Proses Kimyasalları,Bimaks,,,,HAKKIMIZDAARGESERTİFİKALARIMIZİNSAN KAYNAKLARIGİZLİLİK POLİTİKASI,https://www.bimakskimya.com.tr/cozumler-urunler/su-ve-proses-kimyasallari/seker-prosesi/,
Şeker Prosesi,Bimaks,,,,HAKKIMIZDAARGESERTİFİKALARIMIZİNSAN KAYNAKLARIGİZLİLİK POLİTİKASI,https://www.bimakskimya.com.tr/cozumler-urunler/su-ve-proses-kimyasallari/seker-prosesi/maks-9645-evaporator-birikinti-onleyici/,
Şeker Prosesi,Bimaks,,,,HAKKIMIZDAARGESERTİFİKALARIMIZİNSAN KAYNAKLARIGİZLİLİK POLİTİKASI,https://www.bimakskimya.com.tr/cozumler-urunler/su-ve-proses-kimyasallari/seker-prosesi/maks-9647-seker-evaporator-birikinti-kontrol/,
Şeker Prosesi,Bimaks,,,,HAKKIMIZDAARGESERTİFİKALARIMIZİNSAN KAYNAKLARIGİZLİLİK POLİTİKASI,https://www.bimakskimya.com.tr/cozumler-urunler/su-ve-proses-kimyasallari/seker-prosesi/maks-9650-seker-mili-biyosit/,
Şeker Prosesi,Bimaks,,,,HAKKIMIZDAARGESERTİFİKALARIMIZİNSAN KAYNAKLARIGİZLİLİK POLİTİKASI,https://www.bimakskimya.com.tr/cozumler-urunler/su-ve-proses-kimyasallari/seker-prosesi/maks-9651-mil-sanitasyonu-icin-biyosit/,
Şeker Prosesi,Bimaks,,,,HAKKIMIZDAARGESERTİFİKALARIMIZİNSAN KAYNAKLARIGİZLİLİK POLİTİKASI,https://www.bimakskimya.com.tr/cozumler-urunler/su-ve-proses-kimyasallari/seker-prosesi/maks-9652-mil-sanitasyonu-icin-biyosit/,
Şeker Prosesi,Bimaks,,,,HAKKIMIZDAARGESERTİFİKALARIMIZİNSAN KAYNAKLARIGİZLİLİK POLİTİKASI,https://www.bimakskimya.com.tr/cozumler-urunler/su-ve-proses-kimyasallari/seker-prosesi/maks-9670-dekstran-kontrolu-icin-biyo-yuzey-aktif-ve-renkten-arindirma-urunu/,
Şeker Prosesi,Bimaks,,,,HAKKIMIZDAARGESERTİFİKALARIMIZİNSAN KAYNAKLARIGİZLİLİK POLİTİKASI,https://www.bimakskimya.com.tr/cozumler-urunler/su-ve-proses-kimyasallari/seker-prosesi/maks-9671-serbet-durultma-flokulanti/,
Şeker Prosesi,Bimaks,,,,HAKKIMIZDAARGESERTİFİKALARIMIZİNSAN KAYNAKLARIGİZLİLİK POLİTİKASI,https://www.bimakskimya.com.tr/cozumler-urunler/su-ve-proses-kimyasallari/seker-prosesi/maks-9680-kostik-temizleme-katkisi/,
Su ve Proses Kimyasalları,Bimaks,,,,HAKKIMIZDAARGESERTİFİKALARIMIZİNSAN KAYNAKLARIGİZLİLİK POLİTİKASI,https://www.bimakskimya.com.tr/cozumler-urunler/su-ve-proses-kimyasallari/sogutma-suyu-islahi/,
Soğutma Suyu Islahı,Bimaks,,,,HAKKIMIZDAARGESERTİFİKALARIMIZİNSAN KAYNAKLARIGİZLİLİK POLİTİKASI,https://www.bimakskimya.com.tr/cozumler-urunler/su-ve-proses-kimyasallari/sogutma-suyu-islahi/maks-2101c-plus-birikinti-onleyici/,
Soğutma Suyu Islahı,Bimaks,,,,HAKKIMIZDAARGESERTİFİKALARIMIZİNSAN KAYNAKLARIGİZLİLİK POLİTİKASI,https://www.bimakskimya.com.tr/cozumler-urunler/su-ve-proses-kimyasallari/sogutma-suyu-islahi/maks-2110a-birikinti-ve-korozyon-onleyici/,
Soğutma Suyu Islahı,Bimaks,,,,HAKKIMIZDAARGESERTİFİKALARIMIZİNSAN KAYNAKLARIGİZLİLİK POLİTİKASI,https://www.bimakskimya.com.tr/cozumler-urunler/su-ve-proses-kimyasallari/sogutma-suyu-islahi/maks-2214-sogutma-suyu-sartlandirma/,
Soğutma Suyu Islahı,Bimaks,,,,HAKKIMIZDAARGESERTİFİKALARIMIZİNSAN KAYNAKLARIGİZLİLİK POLİTİKASI,https://www.bimakskimya.com.tr/cozumler-urunler/su-ve-proses-kimyasallari/sogutma-suyu-islahi/maks-2240-on-pasivasyon-urunu/,
Soğutma Suyu Islahı,Bimaks,,,,HAKKIMIZDAARGESERTİFİKALARIMIZİNSAN KAYNAKLARIGİZLİLİK POLİTİKASI,https://www.bimakskimya.com.tr/cozumler-urunler/su-ve-proses-kimyasallari/sogutma-suyu-islahi/maks-2250-birikinti-ve-korozyon-onleyici/,
Soğutma Suyu Islahı,Bimaks,,,,HAKKIMIZDAARGESERTİFİKALARIMIZİNSAN KAYNAKLARIGİZLİLİK POLİTİKASI,https://www.bimakskimya.com.tr/cozumler-urunler/su-ve-proses-kimyasallari/sogutma-suyu-islahi/maks-3000-birikinti-ve-korozyon-onleyici/,
Soğutma Suyu Islahı,Bimaks,,,,HAKKIMIZDAARGESERTİFİKALARIMIZİNSAN KAYNAKLARIGİZLİLİK POLİTİKASI,https://www.bimakskimya.com.tr/cozumler-urunler/su-ve-proses-kimyasallari/sogutma-suyu-islahi/maks-3100-birikinti-ve-korozyon-onleyici/,
Soğutma Suyu Islahı,Bimaks,,,,HAKKIMIZDAARGESERTİFİKALARIMIZİNSAN KAYNAKLARIGİZLİLİK POLİTİKASI,https://www.bimakskimya.com.tr/cozumler-urunler/su-ve-proses-kimyasallari/sogutma-suyu-islahi/maks-3210-sogutma-suyu-sartlandirma/,
Soğutma Suyu Islahı,Bimaks,,,,HAKKIMIZDAARGESERTİFİKALARIMIZİNSAN KAYNAKLARIGİZLİLİK POLİTİKASI,https://www.bimakskimya.com.tr/cozumler-urunler/su-ve-proses-kimyasallari/sogutma-suyu-islahi/maks-3300-birikinti-ve-korozyon-onleyici/,
Soğutma Suyu Islahı,Bimaks,,,,HAKKIMIZDAARGESERTİFİKALARIMIZİNSAN KAYNAKLARIGİZLİLİK POLİTİKASI,https://www.bimakskimya.com.tr/cozumler-urunler/su-ve-proses-kimyasallari/sogutma-suyu-islahi/maks-4000-mikroorganizma-kontrol-urunu/,
Soğutma Suyu Islahı,Bimaks,,,,HAKKIMIZDAARGESERTİFİKALARIMIZİNSAN KAYNAKLARIGİZLİLİK POLİTİKASI,https://www.bimakskimya.com.tr/cozumler-urunler/su-ve-proses-kimyasallari/sogutma-suyu-islahi/maks-4073-mikroorganizma-kontrol-urunu/,
Soğutma Suyu Islahı,Bimaks,,,,HAKKIMIZDAARGESERTİFİKALARIMIZİNSAN KAYNAKLARIGİZLİLİK POLİTİKASI,https://www.bimakskimya.com.tr/cozumler-urunler/su-ve-proses-kimyasallari/sogutma-suyu-islahi/maks-4080-mikroorganizma-kontrol-urunu/,
Soğutma Suyu Islahı,Bimaks,,,,HAKKIMIZDAARGESERTİFİKALARIMIZİNSAN KAYNAKLARIGİZLİLİK POLİTİKASI,https://www.bimakskimya.com.tr/cozumler-urunler/su-ve-proses-kimyasallari/sogutma-suyu-islahi/maks-4081-mikroorganizma-kontrol-urunu/,
Soğutma Suyu Islahı,Bimaks,,,,HAKKIMIZDAARGESERTİFİKALARIMIZİNSAN KAYNAKLARIGİZLİLİK POLİTİKASI,https://www.bimakskimya.com.tr/cozumler-urunler/su-ve-proses-kimyasallari/sogutma-suyu-islahi/maks-4110-mikroorganizma-kontrol-urunu/,
Soğutma Suyu Islahı,Bimaks,,,,HAKKIMIZDAARGESERTİFİKALARIMIZİNSAN KAYNAKLARIGİZLİLİK POLİTİKASI,https://www.bimakskimya.com.tr/cozumler-urunler/su-ve-proses-kimyasallari/sogutma-suyu-islahi/maks-4113-mikroorganizma-kontrol-urunu/,
Soğutma Suyu Islahı,Bimaks,,,,HAKKIMIZDAARGESERTİFİKALARIMIZİNSAN KAYNAKLARIGİZLİLİK POLİTİKASI,https://www.bimakskimya.com.tr/cozumler-urunler/su-ve-proses-kimyasallari/sogutma-suyu-islahi/maks-4132-mikroorganizma-kontrol-urunu/,
Soğutma Suyu Islahı,Bimaks,,,,HAKKIMIZDAARGESERTİFİKALARIMIZİNSAN KAYNAKLARIGİZLİLİK POLİTİKASI,https://www.bimakskimya.com.tr/cozumler-urunler/su-ve-proses-kimyasallari/sogutma-suyu-islahi/maks-4141-mikroorganizma-kontrol-urunu/,
Soğutma Suyu Islahı,Bimaks,,,,HAKKIMIZDAARGESERTİFİKALARIMIZİNSAN KAYNAKLARIGİZLİLİK POLİTİKASI,https://www.bimakskimya.com.tr/cozumler-urunler/su-ve-proses-kimyasallari/sogutma-suyu-islahi/maks-4160-mikroorganizma-kontrol-urunu/,
Soğutma Suyu Islahı,Bimaks,,,,HAKKIMIZDAARGESERTİFİKALARIMIZİNSAN KAYNAKLARIGİZLİLİK POLİTİKASI,https://www.bimakskimya.com.tr/cozumler-urunler/su-ve-proses-kimyasallari/sogutma-suyu-islahi/mikroorganizma-kontrol-urunu/,
Su ve Proses Kimyasalları,Bimaks,,,,HAKKIMIZDAARGESERTİFİKALARIMIZİNSAN KAYNAKLARIGİZLİLİK POLİTİKASI,https://www.bimakskimya.com.tr/cozumler-urunler/su-ve-proses-kimyasallari/temizlik-urunleri/,
Temizlik Ürünleri,Bimaks,,,,HAKKIMIZDAARGESERTİFİKALARIMIZİNSAN KAYNAKLARIGİZLİLİK POLİTİKASI,https://www.bimakskimya.com.tr/cozumler-urunler/su-ve-proses-kimyasallari/temizlik-urunleri/aqua-10-su-bazli-yag-cozucu/,
Temizlik Ürünleri,Bimaks,,,,HAKKIMIZDAARGESERTİFİKALARIMIZİNSAN KAYNAKLARIGİZLİLİK POLİTİKASI,https://www.bimakskimya.com.tr/cozumler-urunler/su-ve-proses-kimyasallari/temizlik-urunleri/aqua-11-su-bazli-yag-cozucu/,
Temizlik Ürünleri,Bimaks,,,,HAKKIMIZDAARGESERTİFİKALARIMIZİNSAN KAYNAKLARIGİZLİLİK POLİTİKASI,https://www.bimakskimya.com.tr/cozumler-urunler/su-ve-proses-kimyasallari/temizlik-urunleri/aqua-12-aluminyum-temizleyici-ve-parlatici/,
Temizlik Ürünleri,Bimaks,,,,HAKKIMIZDAARGESERTİFİKALARIMIZİNSAN KAYNAKLARIGİZLİLİK POLİTİKASI,https://www.bimakskimya.com.tr/cozumler-urunler/su-ve-proses-kimyasallari/temizlik-urunleri/maks-109-temizlik-urunu/,
Temizlik Ürünleri,Bimaks,,,,HAKKIMIZDAARGESERTİFİKALARIMIZİNSAN KAYNAKLARIGİZLİLİK POLİTİKASI,https://www.bimakskimya.com.tr/cozumler-urunler/su-ve-proses-kimyasallari/temizlik-urunleri/maks-125-temizlik-urunu/,
Temizlik Ürünleri,Bimaks,,,,HAKKIMIZDAARGESERTİFİKALARIMIZİNSAN KAYNAKLARIGİZLİLİK POLİTİKASI,https://www.bimakskimya.com.tr/cozumler-urunler/su-ve-proses-kimyasallari/temizlik-urunleri/maks-132-temizlik-urunu/,
Temizlik Ürünleri,Bimaks,,,,HAKKIMIZDAARGESERTİFİKALARIMIZİNSAN KAYNAKLARIGİZLİLİK POLİTİKASI,https://www.bimakskimya.com.tr/cozumler-urunler/su-ve-proses-kimyasallari/temizlik-urunleri/maks-140g-temizlik-kimyasali/,
Temizlik Ürünleri,Bimaks,,,,HAKKIMIZDAARGESERTİFİKALARIMIZİNSAN KAYNAKLARIGİZLİLİK POLİTİKASI,https://www.bimakskimya.com.tr/cozumler-urunler/su-ve-proses-kimyasallari/temizlik-urunleri/maks-162-temizleme-kimyasali/,
Temizlik Ürünleri,Bimaks,,,,HAKKIMIZDAARGESERTİFİKALARIMIZİNSAN KAYNAKLARIGİZLİLİK POLİTİKASI,https://www.bimakskimya.com.tr/cozumler-urunler/su-ve-proses-kimyasallari/temizlik-urunleri/maks-172-temizlik-kimyasali/,
Temizlik Ürünleri,Bimaks,,,,HAKKIMIZDAARGESERTİFİKALARIMIZİNSAN KAYNAKLARIGİZLİLİK POLİTİKASI,https://www.bimakskimya.com.tr/cozumler-urunler/su-ve-proses-kimyasallari/temizlik-urunleri/maks-190-temizlik-urunu/,
Temizlik Ürünleri,Bimaks,,,,HAKKIMIZDAARGESERTİFİKALARIMIZİNSAN KAYNAKLARIGİZLİLİK POLİTİKASI,https://www.bimakskimya.com.tr/cozumler-urunler/su-ve-proses-kimyasallari/temizlik-urunleri/maks-bottle-clean-endustriyel-temizlik-urunu/,
Temizlik Ürünleri,Bimaks,,,,HAKKIMIZDAARGESERTİFİKALARIMIZİNSAN KAYNAKLARIGİZLİLİK POLİTİKASI,https://www.bimakskimya.com.tr/cozumler-urunler/su-ve-proses-kimyasallari/temizlik-urunleri/maks-p-e-t-temizlik-urunu/,
Temizlik Ürünleri,Bimaks,,,,HAKKIMIZDAARGESERTİFİKALARIMIZİNSAN KAYNAKLARIGİZLİLİK POLİTİKASI,https://www.bimakskimya.com.tr/cozumler-urunler/su-ve-proses-kimyasallari/temizlik-urunleri/maks-prt-karbon-temizlik-urunu/,
Su ve Proses Kimyasalları,Bimaks,,,,HAKKIMIZDAARGESERTİFİKALARIMIZİNSAN KAYNAKLARIGİZLİLİK POLİTİKASI,https://www.bimakskimya.com.tr/cozumler-urunler/su-ve-proses-kimyasallari/ters-osmoz-urunleri/,
Ters Osmoz Ürünleri,Bimaks,,,,HAKKIMIZDAARGESERTİFİKALARIMIZİNSAN KAYNAKLARIGİZLİLİK POLİTİKASI,https://www.bimakskimya.com.tr/cozumler-urunler/su-ve-proses-kimyasallari/ters-osmoz-urunleri/maks-400p-ters-osmoz-antiskalant-nsf/,
Ters Osmoz Ürünleri,Bimaks,,,,HAKKIMIZDAARGESERTİFİKALARIMIZİNSAN KAYNAKLARIGİZLİLİK POLİTİKASI,https://www.bimakskimya.com.tr/cozumler-urunler/su-ve-proses-kimyasallari/ters-osmoz-urunleri/maks-403-ters-osmoz-antiskalant/,
Ters Osmoz Ürünleri,Bimaks,,,,HAKKIMIZDAARGESERTİFİKALARIMIZİNSAN KAYNAKLARIGİZLİLİK POLİTİKASI,https://www.bimakskimya.com.tr/cozumler-urunler/su-ve-proses-kimyasallari/ters-osmoz-urunleri/maks-405-sc-ters-osmoz-antiskalanti-2/,
Ters Osmoz Ürünleri,Bimaks,,,,HAKKIMIZDAARGESERTİFİKALARIMIZİNSAN KAYNAKLARIGİZLİLİK POLİTİKASI,https://www.bimakskimya.com.tr/cozumler-urunler/su-ve-proses-kimyasallari/ters-osmoz-urunleri/maks-409-sc-ters-osmoz-antiskalanti/,
Ters Osmoz Ürünleri,Bimaks,,,,HAKKIMIZDAARGESERTİFİKALARIMIZİNSAN KAYNAKLARIGİZLİLİK POLİTİKASI,https://www.bimakskimya.com.tr/cozumler-urunler/su-ve-proses-kimyasallari/ters-osmoz-urunleri/maks-410-ters-osmoz-antiskalant/,
Ters Osmoz Ürünleri,Bimaks,,,,HAKKIMIZDAARGESERTİFİKALARIMIZİNSAN KAYNAKLARIGİZLİLİK POLİTİKASI,https://www.bimakskimya.com.tr/cozumler-urunler/su-ve-proses-kimyasallari/ters-osmoz-urunleri/maks-412-ters-osmoz-antiskalant/,
Ters Osmoz Ürünleri,Bimaks,,,,HAKKIMIZDAARGESERTİFİKALARIMIZİNSAN KAYNAKLARIGİZLİLİK POLİTİKASI,https://www.bimakskimya.com.tr/cozumler-urunler/su-ve-proses-kimyasallari/ters-osmoz-urunleri/maks-420-ters-osmoz-antiskalant/,
Ters Osmoz Ürünleri,Bimaks,,,,HAKKIMIZDAARGESERTİFİKALARIMIZİNSAN KAYNAKLARIGİZLİLİK POLİTİKASI,https://www.bimakskimya.com.tr/cozumler-urunler/su-ve-proses-kimyasallari/ters-osmoz-urunleri/maks-430-ef-ters-osmoz-antiskalanti/,
Ters Osmoz Ürünleri,Bimaks,,,,HAKKIMIZDAARGESERTİFİKALARIMIZİNSAN KAYNAKLARIGİZLİLİK POLİTİKASI,https://www.bimakskimya.com.tr/cozumler-urunler/su-ve-proses-kimyasallari/ters-osmoz-urunleri/maks-430-ters-osmoz-antiskalant-deniz-suyuna-ozel/,
Ters Osmoz Ürünleri,Bimaks,,,,HAKKIMIZDAARGESERTİFİKALARIMIZİNSAN KAYNAKLARIGİZLİLİK POLİTİKASI,https://www.bimakskimya.com.tr/cozumler-urunler/su-ve-proses-kimyasallari/ters-osmoz-urunleri/maks-442-ters-osmoz-antiskalant/,
Ters Osmoz Ürünleri,Bimaks,,,,HAKKIMIZDAARGESERTİFİKALARIMIZİNSAN KAYNAKLARIGİZLİLİK POLİTİKASI,https://www.bimakskimya.com.tr/cozumler-urunler/su-ve-proses-kimyasallari/ters-osmoz-urunleri/maks-464-temizleme-kimyasali/,
Ters Osmoz Ürünleri,Bimaks,,,,HAKKIMIZDAARGESERTİFİKALARIMIZİNSAN KAYNAKLARIGİZLİLİK POLİTİKASI,https://www.bimakskimya.com.tr/cozumler-urunler/su-ve-proses-kimyasallari/ters-osmoz-urunleri/maks-466-temizleme-kimyasali/,
Ters Osmoz Ürünleri,Bimaks,,,,HAKKIMIZDAARGESERTİFİKALARIMIZİNSAN KAYNAKLARIGİZLİLİK POLİTİKASI,https://www.bimakskimya.com.tr/cozumler-urunler/su-ve-proses-kimyasallari/ters-osmoz-urunleri/maks-471-mikroorganizma-kontrol-urunu/,
Ters Osmoz Ürünleri,Bimaks,,,,HAKKIMIZDAARGESERTİFİKALARIMIZİNSAN KAYNAKLARIGİZLİLİK POLİTİKASI,https://www.bimakskimya.com.tr/cozumler-urunler/su-ve-proses-kimyasallari/ters-osmoz-urunleri/maks-482-ters-osmoz-membran-temizleyici/,
Ters Osmoz Ürünleri,Bimaks,,,,HAKKIMIZDAARGESERTİFİKALARIMIZİNSAN KAYNAKLARIGİZLİLİK POLİTİKASI,https://www.bimakskimya.com.tr/cozumler-urunler/su-ve-proses-kimyasallari/ters-osmoz-urunleri/maks-483-ters-osmoz-membran-temizleyici/,
Ters Osmoz Ürünleri,Bimaks,,,,HAKKIMIZDAARGESERTİFİKALARIMIZİNSAN KAYNAKLARIGİZLİLİK POLİTİKASI,https://www.bimakskimya.com.tr/cozumler-urunler/su-ve-proses-kimyasallari/ters-osmoz-urunleri/maks-490-korozyon-kontrol-urunu/,
Ters Osmoz Ürünleri,Bimaks,,,,HAKKIMIZDAARGESERTİFİKALARIMIZİNSAN KAYNAKLARIGİZLİLİK POLİTİKASI,https://www.bimakskimya.com.tr/cozumler-urunler/su-ve-proses-kimyasallari/ters-osmoz-urunleri/maks-493-deaktivasyon-urunu/,
Ters Osmoz Ürünleri,Bimaks,,,,HAKKIMIZDAARGESERTİFİKALARIMIZİNSAN KAYNAKLARIGİZLİLİK POLİTİKASI,https://www.bimakskimya.com.tr/cozumler-urunler/su-ve-proses-kimyasallari/ters-osmoz-urunleri/maks-494-ters-osmoz-membran-temizleyici/,
Ters Osmoz Ürünleri,Bimaks,,,,HAKKIMIZDAARGESERTİFİKALARIMIZİNSAN KAYNAKLARIGİZLİLİK POLİTİKASI,https://www.bimakskimya.com.tr/cozumler-urunler/su-ve-proses-kimyasallari/ters-osmoz-urunleri/maks-804-antiskalant/,
Ters Osmoz Ürünleri,Bimaks,,,,HAKKIMIZDAARGESERTİFİKALARIMIZİNSAN KAYNAKLARIGİZLİLİK POLİTİKASI,https://www.bimakskimya.com.tr/cozumler-urunler/su-ve-proses-kimyasallari/ters-osmoz-urunleri/nasil-dogru-antiskalant-programini-seciyoruz/,
