product_name,category,applications,problems_solved,key_params,short_desc,url
MAKS 400P TERS OSMOZ ANTİSKALANT (NSF),Ters Osmoz,"Ters osmoz sistemleri, membran arıtma, deniz suyu arıtma, endüstriyel su arıtma","Membran kireçlenmesi, sistem tıkanması, performans düşüşü, yüksek temizleme maliyeti","NSF sertifikalı, düşük dozaj, asit kullanımını azaltır",RO sistemleri için NSF sertifikalı antiskalant,https://www.bimakskimya.com.tr/cozumler-urunler/su-ve-proses-kimyasallari/ters-osmoz-urunleri/maks-400p-ters-osmoz-antiskalant-nsf/
MAKS 403 TERS OSMOZ ANTİSKALANT,Ters Osmoz,"Ters osmoz sistemleri, endüstriyel membrane filtrasyon","Kalsiyum-baryum-stronsiyum sülfat birikintileri, demir oksit tortuları, membran temizlik sıklığı","Tüm membran tipleriyle uyumlu, düşük dozaj, güvenli kullanım",Sertlik tuzları ve demir oksitlerine karşı etkili antiskalant,https://www.bimakskimya.com.tr/cozumler-urunler/su-ve-proses-kimyasallari/ters-osmoz-urunleri/maks-403-ters-osmoz-antiskalant/
MAKS 405 SC TERS OSMOZ ANTİSKALANT,Ters Osmoz,"Yüksek tuz konsantrasyonlu ters osmoz sistemleri, deniz suyu arıtma","Kalsiyum karbonat-sülfat, baryum-stronsiyum sülfat birikintileri, düşük geri dönüşüm oranları","NSF sertifikalı, yüksek eşikli formula, geniş su türleri desteği",Yüksek tuz konsantrasyonları için gelişmiş antiskalant,https://www.bimakskimya.com.tr/cozumler-urunler/su-ve-proses-kimyasallari/ters-osmoz-urunleri/maks-405-sc-ters-osmoz-antiskalanti-2/
MAKS 1100 OKSİJEN ALICI,Kazan Suyu,"Kazan sistemleri, buhar üretimi, gıda sanayi sterilizasyon","Oksijen korozyonu, metal aşınması, sistem ömrü azalması","Katalizör içerir, FDA/USDA uyumlu, 40 bara kadar",Kazan sistemlerinde oksijen korozyonu kontrolü,https://www.bimakskimya.com.tr/cozumler-urunler/su-ve-proses-kimyasallari/kazan-su-islahi/maks-1100-oksijen-alici/
MAKS 1232 BİRİKİNTİ ÖNLEYİCİ,Kazan Suyu,"Kazan sistemleri, buhar üretimi, ısı değiştiriciler","Birikinti oluşumu, pH dengesizliği, köpük problemi, enerji kaybı","pH düzenleyici içerir, çevre dostu, fosfat içermez",Organik polimerlerle kazan birikinti önleme,https://www.bimakskimya.com.tr/cozumler-urunler/su-ve-proses-kimyasallari/kazan-su-islahi/maks-1232-birikinti-onleyici/
MAKS 1200U BİRİKİNTİ ÖNLEYİCİ,Kazan Suyu,"Kazan besleme suyu, gıda sanayi, sterilizasyon sistemleri","Birikinti ve korozyon, boru ömrü azalması, sistem verimsizliği","Tamamen organik, FDA/USDA uyumlu, korozif değil",Organik kazan besi suyu şartlandırma ürünü,https://www.bimakskimya.com.tr/cozumler-urunler/su-ve-proses-kimyasallari/kazan-su-islahi/maks-1200u-birikinti-onleyici/
MAKS 2101C PLUS BİRİKİNTİ ÖNLEYİCİ,Soğutma Suyu,"Açık soğutma kuleleri, endüstriyel soğutma sistemleri","Korozyon, birikinti oluşumu, yüksek alkalite/sertlik sorunları, biyofilm","Tamamen organik, klor stabilizatörü, çoklu metal koruması",Yüksek alkalite koşulları için organik inhibitör,https://www.bimakskimya.com.tr/cozumler-urunler/su-ve-proses-kimyasallari/sogutma-suyu-islahi/maks-2101c-plus-birikinti-onleyici/
MAKS 4080 MİKROORGANİZMA KONTROL,Soğutma Suyu,"Soğutma kuleleri, endüstriyel su sistemleri, mikroorganizma kontrolü","Bakteriler, alg oluşumu, biyofilm problemi, ısı transfer verimsizliği","Organik bazlı, uzun etkili, çevre dostu parçalanabilir",Heterosiklik bileşiklerle mikroorganizma kontrolü,https://www.bimakskimya.com.tr/cozumler-urunler/su-ve-proses-kimyasallari/sogutma-suyu-islahi/maks-4080-mikroorganizma-kontrol-urunu/
MAKS 6540 FLOKÜLANT,Atık Su,"Çamur susuzlaştırma, atık su arıtma, filtre pres uygulamaları","Çamur susuzlaştırma verimsizliği, askıda katı maddeler, bulanıklık","Yüksek molekül ağırlığı, orta katyonik, sıvı lateks",Çamur susuzlaştırma için yüksek performanslı polimer,https://www.bimakskimya.com.tr/cozumler-urunler/su-ve-proses-kimyasallari/atik-su-aritma/maks-6540-flokulant/
MAKS 6450 KOAGÜLANT,Atık Su,"Sıvı-katı ayırma, su berraklaştırma, çeşitli endüstriler","Askıda katı maddeler, bulanıklık, yük dengesizliği, filtrasyon sorunları","Katyonik polimer, geniş molekül ağırlığı seçenekleri",Sıvı-katı ayırma için katyonik polimer,https://www.bimakskimya.com.tr/cozumler-urunler/su-ve-proses-kimyasallari/atik-su-aritma/maks-6450-koagulant/
MAKS 6285 JEOTERMAL BİRİKİNTİ İNHİBİTÖRÜ,Jeotermal,"Jeotermal kuyular, yüksek sıcaklık sistemleri, jeotermal enerji","Silisin birikintileri, kireç oluşumu, tüp arızaları, sistem verimsizliği","200°C'ye kadar çalışır, yüksek iletkenlik desteği, düşük doz",Yüksek sıcaklık jeotermal sistemler için birikinti önleyici,https://www.bimakskimya.com.tr/cozumler-urunler/su-ve-proses-kimyasallari/jeotermal-akiskan-islahi-2/maks-6285/